name,artist
Houdini,Eminem
I Had Some Help (Feat. Morgan Wallen),Post Malone
BIRDS OF A FEATHER,Billie Eilish
Espresso,Sabrina Carpenter
A Bar Song (Tipsy),Shaboozey
MILLION DOLLAR BABY,Tommy Richman
Not Like Us,Kendrick Lamar
"Good Luck, Babe!",Chappell Roan
Stargazing,Myles Smith
Please Please Please,Sabrina Carpenter
Pink Skies,Zach Bryan
Austin (Boots Stop Workin'),Dasha
Saturn,SZA
Too Sweet,Hozier
LUNCH,Billie Eilish
Beautiful Things,Benson Boone
Fortnight (feat. Post Malone),Taylor Swift
End of Beginning,Djo
Close To You,Gracie Abrams
Lose Control,Teddy Swims
i like the way you kiss me,Artemas
we can't be friends (wait for your love),Ariana Grande
Nasty,Tinashe
Yeah Glo!,GloRilla
Like That,Future
Tell Ur Girlfriend,Lay Bankz
I Can Do It With a Broken Heart,Taylor Swift
BAND4BAND (feat. Lil Baby),Central Cee
Miles On It,Marshmello
one of wun,Gunna
Belong Together,Mark Ambor
Whatever She Wants,Bryson Tiller
Water,Tyla
Wind Up Missin’ You,Tucker Wetmore
Ain't No Love In Oklahoma (From Twisters: The Album),Luke Combs
Snooze,SZA
Slow It Down,Benson Boone
I Remember Everything (feat. Kacey Musgraves),Zach Bryan
Sexy to Someone,Clairo
Scared To Start,Michael Marcagi
Lovin On Me,Jack Harlow
360,Charli xcx
redrum,21 Savage
"One Of The Girls (with JENNIE, Lily Rose Depp)",The Weeknd
Gata Only,FloyyMenor
greedy,Tate McRae
Stick Season,Noah Kahan
Feel It - From The Original Series “Invincible”,d4vd
CARNIVAL,¥$
Get It Sexyy,Sexyy Red
Espresso,Sabrina Carpenter
Houdini,Eminem
BIRDS OF A FEATHER,Billie Eilish
MILLION DOLLAR BABY,Tommy Richman
LUNCH,Billie Eilish
Gata Only,FloyyMenor
I Had Some Help (Feat. Morgan Wallen),Post Malone
Not Like Us,Kendrick Lamar
Too Sweet,Hozier
i like the way you kiss me,Artemas
Beautiful Things,Benson Boone
A Bar Song (Tipsy),Shaboozey
BAND4BAND (feat. Lil Baby),Central Cee
CHIHIRO,Billie Eilish
we can't be friends (wait for your love),Ariana Grande
Fortnight (feat. Post Malone),Taylor Swift
End of Beginning,Djo
Lose Control,Teddy Swims
Stargazing,Myles Smith
"One Of The Girls (with JENNIE, Lily Rose Depp)",The Weeknd
Pink Skies,Zach Bryan
Santa,Rvssian
Cruel Summer,Taylor Swift
WILDFLOWER,Billie Eilish
"Good Luck, Babe!",Chappell Roan
Austin (Boots Stop Workin'),Dasha
As It Was,Harry Styles
Si No Quieres No,Luis R Conriquez
Belong Together,Mark Ambor
I Can Do It With a Broken Heart,Taylor Swift
LUNA,Feid
BLUE,Billie Eilish
Like That,Future
Sweater Weather,The Neighbourhood
Slow It Down,Benson Boone
L’AMOUR DE MA VIE,Billie Eilish
I Wanna Be Yours,Arctic Monkeys
Saturn,SZA
Stick Season,Noah Kahan
The Night We Met,Lord Huron
Magnetic,ILLIT
SI NO ES CONTIGO,Cris Mj
greedy,Tate McRae
FE!N (feat. Playboi Carti),Travis Scott
Madonna,Natanael Cano
Pedro,Jaxomy
See You Again (feat. Kali Uchis),"Tyler, The Creator"
My Love Mine All Mine,Mitski
Supernova,aespa
Flowers,Miley Cyrus
Man In Finance (G6 Trust Fund),Girl On Couch
No Face,Ghostface Killah
Potra Salvaje - Hard Remix,Isabel Aaiún
6 In the Morning (feat. Nate Dogg),Flex (UK)
Paon Ki Jutti,Jyoti Nooran
BIRDS OF A FEATHER,Billie Eilish
Maxed Out,Bayker Blankenship
Nasty,Tinashe
Stargazing,Myles Smith
Suniyan Suniyan,Juss
Give Me Everything - Stripped Down,Archer Marsh
KEHLANI,Jordan Adetunji
Sudden Shower,ECLIPSE
"Good Luck, Babe!",Chappell Roan
MILLION DOLLAR BABY,Tommy Richman
MTG QUEM NÃO QUER SOU EU,DJ TOPO
"Dekhha Tenu (From ""Mr. And Mrs. Mahi"")",Jaani
WOKE UP,XG
Spring Snow,10CM
Sagrado Profano,Luísa Sonza
A Bar Song (Tipsy),Shaboozey
Sonho Dela (Cowboy),CountryBeat
CHIHIRO,Billie Eilish
LUNCH,Billie Eilish
CHEGOU 3,shonci
"Sajni (From ""Laapataa Ladies"")",Ram Sampath
Düşer O,İzel
L’AMOUR DE MA VIE,Billie Eilish
Fall Back,Lithe
Supernova,aespa
Te Maceto Depois do Baile,DJ Zigão
Amor,emmanuellcortess_
Espresso,Sabrina Carpenter
Niscaya,Bilal Indrajaya
MTG QUERO VER SE VOCÊ TEM ATITUDE,Dj Luan Gomes
BLUE,Billie Eilish
WILDFLOWER,Billie Eilish
WYA REMIX RED,J Abdiel
Not Like Us,Kendrick Lamar
to bem,Jovem Dionisio
GANG,Kairo Keyz
Machuquei,Mc guizinho niazi
Sweet Dreams,Koe Wetzel
Elini Ver,Amo988
Never Stop,ian
Laced max,LAZER DIM 700
Ben Sana Gelemem,Mela Bedel
Hala Madrid ...y nada más,Real Madrid
Aku Yang Jatuh Cinta,Dudy Oris
I Had Some Help (Feat. Morgan Wallen),Post Malone
BAND4BAND (feat. Lil Baby),Central Cee
Not Like Us,Kendrick Lamar
Type Shit,Future
one of wun,Gunna
Family Matters,Drake
Like That,Future
Whatever She Wants,Bryson Tiller
redrum,21 Savage
Cinderella,Future
prada dem (feat. Offset),Gunna
Yeah Glo!,GloRilla
Bandit,Don Toliver
CARNIVAL,¥$
FE!N (feat. Playboi Carti),Travis Scott
Boogieman,EBK Jaaybo
euphoria,Kendrick Lamar
Young Metro,Future
Sunday Service (feat. Megan Thee Stallion & Flo Milli),Latto
all of me,21 Savage
HOT ONE (with TiaCorine & A$AP Ferg),Denzel Curry
Let's Go,Key Glock
Push Ups,Drake
PLAY DA FOOL,Moneybagg Yo
Mmhmm,BigXthaPlug
Attitude (feat. Charlie Wilson & Cash Cobain),Don Toliver
Monsters Inc. (feat. Future),Ski Mask The Slump God
Get It Sexyy,Sexyy Red
FUK SUMN,¥$
Wanna Be (with Megan Thee Stallion),GloRilla
ONE CALL,Rich Amiri
Back On My BS,BigXthaPlug
Talk My Shit,BossMan Dlow
née-nah,21 Savage
on one tonight,Gunna
HEAT STICK,Shoreline Mafia
act ii: date @ 8 (feat. Drake) - remix,4batz
Crocodile Tearz,J. Cole
"FTCU (feat. Travis Scott, Chris Brown & Sexyy Red) - SLEEZEMIX",Nicki Minaj
Breathe,Yeat
Swear to God (feat. Future),Tee Grizzley
Never Lose Me,Flo Milli
Survivor’s Remorse,Roddy Ricch
H.Y.B. (feat. Bas & Central Cee),J. Cole
U My Everything (feat. Drake),Sexyy Red
Winners In Paris,Sleepy Hallow
Angels In The Sky,Polo G
OKAY,JT
Enough (Miami),Cardi B
5AM IN PHILLY,Meek Mill
BOA,Megan Thee Stallion
Messed Up As Me,Keith Urban
I Had Some Help (Feat. Morgan Wallen),Post Malone
Beautiful As You,Thomas Rhett
your place,Ashley Cooke
Wind Up Missin’ You,Tucker Wetmore
A Bar Song (Tipsy),Shaboozey
Austin (Boots Stop Workin'),Dasha
Worst Way,Riley Green
ghost in my guitar (feat. Chris Stapleton),Alana Springsteen
Holy Smokes,Bailey Zimmerman
Cowgirls (feat. ERNEST),Morgan Wallen
Ain't No Love In Oklahoma (From Twisters: The Album),Luke Combs
Indifferent,Megan Moroney
"Love You, Miss You, Mean It",Luke Bryan
Make It Look Easy,Avery Anna
Bulletproof,Nate Smith
What He'll Never Have,Dylan Scott
Called Crazy,Kassi Ashton
Darlin',Chase Matthew
Burn It Down - Radio Edit,Parker McCollum
Good On You,Priscilla Block
Devil You Know,Tyler Braden
Old Dirt Roads,Owen Riegling
Breakin' in Boots,Matt Stell
Whiskey Blues,Tanner Adell
Single Again,Josh Ross
Jack and Diet Coke,Redferrin
Boys Back Home,Dylan Marlowe
TEXAS HOLD 'EM,Beyoncé
Miles On It,Marshmello
Strangers,Kameron Marlowe
we don't fight anymore,Carly Pearce
Pink Skies,Zach Bryan
Wildflowers and Wild Horses (Single Version),Lainey Wilson
All Again,Charles Wesley Godwin
Damn Near Normal,Koe Wetzel
Dirt Cheap,Cody Johnson
Wranglers,Miranda Lambert
Halfway To Hell,Jelly Roll
Life With You,Kelsey Hart
The Devil I Know,Ashley McBryde
Heartbreaker,Warren Zeiders
This Heart,Corey Kent
I Tried A Ring On,Tigirlily Gold
Tucson Too Late,Jordan Davis
Chevrolet (feat. Jelly Roll),Jelly Roll
Easy To Miss,MacKenzie Porter
Bigger Houses,Dan + Shay
smoke & a light,Ole 60
Think I'm In Love With You,Chris Stapleton
Starburster,Fontaines D.C.
Too Sweet,Hozier
Take A Bite,beabadoobee
Lost In Space,Foster The People
misses,Dominic Fike
Calling After Me,Wallows
Neon Pill,Cage The Elephant
Creatures in Heaven,Glass Animals
Feel Like That (feat. Bradley Nowell),Sublime
Murder on the Dance Floor - triple j Like A Version,Royel Otis
Run Your Mouth,The Marías
Home,Good Neighbours
End of Beginning,Djo
Superstar,Rainbow Kitten Surprise
Sinner,The Last Dinner Party
The Glass,Foo Fighters
Rock N Roller,KALEO
Panoramic View,AWOLNATION
Dilemma,Green Day
Top 10 staTues tHat CriEd bloOd,Bring Me The Horizon
Nice to Meet You,Imagine Dragons
The Craving - single version,Twenty One Pilots
i like the way you kiss me,Artemas
LUNCH,Billie Eilish
Tejano Blue,Cigarettes After Sex
Karma Police,Pierce The Veil
Leave a Light On (Talk Away The Dark),Papa Roach
Feeling For You,Milky Chance
run away girl,Alice Merton
Scared,Joywave
Scared To Start,Michael Marcagi
"Good Luck, Babe!",Chappell Roan
All A Mystery,Phantogram
Loving You,Cannons
I'm in Love,Jelani Aryeh
Sexy to Someone,Clairo
Too Much,girl in red
Broken Man,St. Vincent
Wreckage,Pearl Jam
My Condition,Dead Poet Society
Tiny Moves,Bleachers
Edge of the Earth,The Beaches
Every Little Thing I Say I Do,Dayglow
Capricorn,Vampire Weekend
On The Game,The Black Keys
Mustang,Kings of Leon
Summertime Voodoo - Edit,Highly Suspect
High In Low Places,Beach Weather
What're We Doing Here,ALEXSUCKS
Little Chaos,Orla Gartland
Organized Chaos,MisterWives
Stargazing,Myles Smith
Stress Relief,late night drive home
Long Dark Night,Judah & the Lion
Boom Boom Back,Hinds
Shakes,Luke Hemmings
Shadow in the Sun,Joe P
America In Your 20's,Winnetka Bowling League
Can You Feel It?,BoyWithUke
Dead To Me,Palaye Royale
Leave Her,d4vd
Overcompensate (edit),Twenty One Pilots
Hate Myself,Letdown.
Everybody Knows I'm High,SHAED
Want Me,Stephen Dawes
No Strings,X Ambassadors
Heartless,Nathaniel Rateliff & The Night Sweats
Don't Forget Me,Maggie Rogers
run!,WILLOW
Sick of Being Young,Krooked Kings
Call Me Up,daydreamers
Weak In Your Light,Nation of Language
Like I Say (I runaway),Nilüfer Yanya
Good Old Days,The Revivalists
April,Local Natives
REAL GANGSTA LOVE,Trueno
Gata Only,FloyyMenor
Santa,Rvssian
SORRY 4 THAT MUCH,Feid
BADGYAL,SAIKO
Madonna,Natanael Cano
APAGA EL CEL,FloyyMenor
HOLA PERDIDA REMIX,Luck Ra
Maquillaje - Remix,Renn
Brickell,Feid
SI NO ES CONTIGO,Cris Mj
Touching The Sky,Rauw Alejandro
Volver Al Futuro,Oscar Maydon
Si No Quieres No,Luis R Conriquez
Elvira,Oscar Maydon
El Beneficio De La Duda,Grupo Firme
LUNA,Feid
ADIVINO,Myke Towers
Entre las de 20,Bizarrap
Despídase bien,Carin Leon
offline,Young Miko
WYA REMIX RED,J Abdiel
LA NENA,Lyanno
Un Desperdicio,Rels B
GATITAS SANDUNGUERAS VOL.1,Alvaro Diaz
"Ride Or Die, Pt. 2 (with Villano Antillano & Tokischa)",Sevdaliza
Gitana (feat. Bryartz),Pablo Chill-E
Torai,Grupo Marca Registrada
BBY BOO - REMIX,iZaak
PUEBLO DE MEDALLO,Ryan Castro
Que Se Cuide,Luis R Conriquez
Ya Te Superé,Xavi
LA DURANGO,Peso Pluma
HUMO,Chencho Corleone
Una Vida Pasada,Camilo
Corazón de Piedra,Xavi
LA FALDA,Myke Towers
LA RANGER (feat. Myke Towers),The Academy: Segunda Misión
POR QUÉ SERÁ,Grupo Frontera
Perdonarte ¿Para Qué?,Los Ángeles Azules
TÚ NAME,Fuerza Regida
La Guerita,Grupo Marca Registrada
Tengo Un Plan,Key-Key
Dime,El Malilla
CONTIGO (with Tiësto),KAROL G
X'CLUSIVO - REMIX,Gonzy
BYAK,Alvaro Diaz
FIRST LOVE,Oscar Ortiz
IMAN (Two Of Us),Maria Becerra
Piel,Tiago PZK
Back To One,Peggy Gou
"She’s Gone, Dance On",Disclosure
girl$,Dom Dolla
Go Back (feat. Julia Church),John Summit
Push,Skrillex
places to be,Fred again..
Without You (with HAYLA),Kygo
Lioness,Swedish House Mafia
Addicted,Zerb
Wherever You Are,Martin Garrix
My City,Tiësto
Last Night - Anyma x Layton Giordani Remix,Loofy
Chase It (Mmm Da Da Da),Bebe Rexha
Neverender,Justice
Drip Sweat (feat. Channel Tres),KAYTRANADA
Summertime Blues (feat. Nathan Nicholson),Chris Lake
Fortnight (feat. Post Malone) - BLOND:ISH Remix,Taylor Swift
Love Bites (Feat. Tove Lo & SG Lewis),Nelly Furtado
Baddy On The Floor,Jamie xx
Roar,Charlotte de Witte
Kisses (feat. bbyclose),BL3SS
Right Here,Becky Hill
On Again,Mau P
How You Feel (Ft. Leven Kali),ANOTR
Honey Boy (feat. Nile Rodgers & Shenseea),Purple Disco Machine
Set My Heart On Fire (I'm Alive x And The Beat Goes On),Majestic
Stumblin' In,CYRIL
I Don't Wanna Wait,David Guetta
Throw Some Ass,Sofi Tukker
Ride Or Die,Aluna
Mountains,Jonas Blue
Pedro,Jaxomy
These Words,Badger
Weak,Vintage Culture
Move,Adam Port
In My Bones,Lost Frequencies
It's Not Right But It's Okay,Mr. Belt & Wezol
6 In the Morning (feat. Nate Dogg),Flex (UK)
Mind Still (feat. blythe),Sonny Fodera
MAGIC (feat. babyidontlikeyou),Gryffin
FWTDJ (All Night Long),Hannah Laing
Monster,Don Diablo
LET'S GET FKD UP,Alok
Honey,Caribou
Kimbara,Barry Can't Swim
Sierra,Argy
Von dutch,Charli xcx
Vent,NOIT
TAKA,Ahadadream
All That You Need (feat. Caroline Byrne),Gorgon City
"Patadas de Ahogado / LATÍN MAFIA, HUMBE - Rework",HUGEL
Somebody (2024),Gotye
mr useless,Shygirl
A Little Closer,Diffrent
saving flowers,salute
Heaven,Sara Landry
Satellite,Dimension
CUT ME OUT,Rezz
"Tshwala Bam (feat. S.N.E, EeQue) - Radio Edit",TitoM
Karibu,WITH U
We Groovin (with Jazzy),Jamie Jones
Wild,James Hype
So Hï,KREAM
Killa,Chris Avantgarde
"PATT (Party All The Time) - Adam Beyer, Layton Giordani & Green Velvet Remix",Sharam
Not Even Love,Seven Lions
SEE YOU DROP,Ray Volpe
SAFE WITH ME (SECRETOS),Jhay Rivas
Time - Edit,Carlita
Halo,Eli & Fur
ZOOM,Machinedrum
Mr. Sandman,Oppidan
iluv,Effy
Can't Let Go,Logic1000
Cheerleader,Porter Robinson
"Good Luck, Babe!",Chappell Roan
rises the moon,Liana Flores
Bags,Clairo
Espresso,Sabrina Carpenter
Here With Me,d4vd
unless you leave,Chase Elliott
Glue Song,beabadoobee
Valentine,Laufey
Falling for U,Peachy!
7 Weeks & 3 Days,yungatita
Where'd All the Time Go?,Dr. Dog
In My Mind,Lyn Lapid
Good Looking,Suki Waterhouse
Babydoll,Dominic Fike
Melting,Kali Uchis
Lavender Haze - Acoustic Version,Taylor Swift
SLOW DANCING IN THE DARK,Joji
Like the Movies,Laufey
deja vu,Olivia Rodrigo
Home To Another One,Madison Beer
For the First Time,Mac DeMarco
high life,url
we fell in love in october,girl in red
First Of The Year,Cuco
Always Forever,Cults
ME TENGO QUE IR,KAROL G
Cherry Wine,grentperez
Telephones,Vacations
Pop Star,Coco & Clair Clair
I Hope To Be Around - Live,SweedyQ
Some,Steve Lacy
Illusion,Dua Lipa
Best Friend,Laufey
"Sunflower, Vol. 6",Harry Styles
Special,SZA
Flaming Hot Cheetos,Clairo
Crush Culture,Conan Gray
I Wish you Roses,Kali Uchis
Not Allowed,TV Girl
Time Machine,WILLOW
C U Girl,Steve Lacy
Best Friend,Rex Orange County
Mrs Magic,Strawberry Guy
Pretty Girl,Clairo
EVERYTHING,The Black Skirts
Apocalypse,Cigarettes After Sex
From the Subway Train,Vansire
Meet Me At Our Spot,THE ANXIETY
Looking Out for You,Joy Again
I Think I Like When It Rains,WILLIS
Comfort Crowd,Conan Gray
Bubble Gum,Clairo
Loving Is Easy,Rex Orange County
Crushcrushcrush,Coco & Clair Clair
Heart To Heart,Mac DeMarco
More Than Friends,Aidan Bissett
Boys Will Be Bugs,Cavetown
at least i'm pretty,Harriette
Wait a Minute!,WILLOW
Hush - Still Woozy Remix,The Marías
Hello?,Clairo
Pretty,Coco & Clair Clair
Sunflower,Rex Orange County
summer depression,girl in red
Morning Sex,Ralph Castelli
Juliet,Cavetown
my future,Billie Eilish
Romantic Lover,Eyedress
N Side,Steve Lacy
Crush,Tessa Violet
Space Song,Beach House
Loverboy,A-Wall
Just for Me,PinkPantheress
Old Love,yuji
watch you sleep.,girl in red
Lucy Takes a Picture,Youth Lagoon
Turn Me Inside - Zero 7 Remix,Vegyn
Foolish Thinking,Kimbra
How to Disappear Completely,Radiohead
Spring Is Coming With A Strawberry In The Mouth,Caroline Polachek
Always Forever,Cults
Skin Tight (Alternate) [feat. Steve Lacy],Ravyn Lenae
Beautiful Ordinary,Jane Penny
Bound,Wet
Weird Fishes/ Arpeggi,Radiohead
Just for Now,Imogen Heap
QKThr,Aphex Twin
Kerosene!,Yves Tumor
Ribs,Lorde
Bloom For Me,Pearly Drops
See you Soon,beabadoobee
6 Underground,Sneaker Pimps
ghost,mary in the junkyard
NO SZNS,Jean Dawson
"ANNIE, PICK A FLOWER.. (MY HOUSE)",Saya Gray
Quien Tengo Que Ser,Andrea Bejar
In A Good Way,Faye Webster
Sunset,Caroline Polachek
Heaven,Mitski
Nude,Radiohead
Apocalypse,Cigarettes After Sex
Strawberry Privilege,Yves Tumor
Letter To An Old Poet,boygenius
Afterglow,Luna Li
The Dress,Dijon
Paprika,Japanese Breakfast
yellow is the color of her eyes,Soccer Mommy
Godspeed,Frank Ocean
Starburned and Unkissed,Caroline Polachek
Loved,Four Tet
sulky baby,yeule
Spitting Off the Edge of the World,Yeah Yeah Yeahs
Jason,Perfume Genius
Summer Glass,Julie Byrne
Do I Make You Nervous,Dreamer Isioma
Superpowers,Daniel Caesar
Floating On A Moment,Beth Gibbons
Pool,Samia
Genesis,Grimes
Evening Mood,Julia Holter
Lejos de Ti,The Marías
Nothing's Free,Angel Olsen
Bruises Off The Peach,Ryan Beatty
Polly,Moses Sumney
Never Be Like You (feat. Kai),Flume
The First Taste,Fiona Apple
Guilty Conscience,070 Shake
Playground Love,Air
Butterfly Net (feat. Weyes Blood),Caroline Polachek
Red Lights,SAULT
I'm God,Clams Casino
I Just Wanna Feel Your Love Again,Montell Fish
Lullaby,Grace Ives
Fly To You (feat. Grimes and Dido),Caroline Polachek
Multiply,Dora Jar
Serenade of Water,Men I Trust
Call U Tomorrow,Montell Fish
Famous Last Words (An Ode to Eaters),1017 ALYX 9SM
Let Go,Frou Frou
God Turn Me Into a Flower,Weyes Blood
Hold It Together,The Marías
"Ride Or Die, Pt. 2 (with Villano Antillano & Tokischa)",Sevdaliza
Evergreen,Ryan Beatty
I'm Not In Love,Kelsey Lu
Twin Flame,Weyes Blood
Clementine,Wet
Insomnia,Superfan
Crushing,Eartheater
Power Freaks,Jean Dawson
I Been Young,George Clanton
Tip Toe,HYBS
A Night To Remember,beabadoobee
Tadow,Masego
Beanie,Chezile
Hell N Back (feat. Summer Walker),Bakar
"hold me, never let go",Rocco
Daydream,Valeria Stoica
Conversar,mokina
un día,Lara91k
u should be here,Tamir
Calma Cara,Selton
lo único que quería este verano,BLAIR
Now Or Never,Fyeqoodgurl
Dancing with my phone,HYBS
Hex,Belau
Sensaciones,Mundo Prestigio
Sunny When I'm With You,Ysanygo
Run Your Mouth,The Marías
Starlight,Leon of Athens
Matcha Queen,Yoa
l-o-v-e,Rocco
broken vase,Dizzyboy
Old With You,grentperez
Girls Night,Dot.
Eyes on my baby,BETWEEN FRIENDS
Feel It - From The Original Series “Invincible”,d4vd
A Tu Modo,LoLo
Average Guy (Blame),TV Girl
STRINGS (feat. JVKE & Bazzi),MAX
Sleep Well,d4vd
What (I Wish) He Said,mindfreakkk
Clair-obscur,En Stéréo
Me Da Igual,L'Impératrice
Pura geografia,Maria Jaume
I'll Be Mine,flu
When We Were Younger (feat. Cavetown),grentperez
Daydream,KIKI
Movie Light,Satoko Shibata
Murder on the Dance Floor - triple j Like A Version,Royel Otis
every day is a game,Night Tapes
animal planet,South Penguin
Be More,Stephen Sanchez
Separate Ways (feat. The Marías),Eyedress
Primer encuentro,Paz Carrara
Boyfriend,Hot Freaks
Pretense,DURDN
Fana,Bank
Take Your Time,Daveny
Fragile,kikomori
favourite jeans,moon tang
illa,La Máquina Camaleón
carameloraro,vangoura
Wishing Well,The Walters
Cold Rain,Raine Cloud
Palabras BLA BLA BLA,PANTERA BLUE
Screw Time,Claire Rosinkranz
Jupiter I.,Saya Noé
The Thrill Of It,Pixey
BLOW,ROTH BART BARON
afterglow,Numcha
Tache d'encre,Valse Fréquence
So Bad,St. Panther
Ahuécate,Edu Requejo
TU M0VIMIENT0,moanday
Pinstripe,pijama land
Querernos De Nuevo,Sebastián Cortés
Dramatic,Amen Sioux
Meninas,Ão
Cherry Cola,TTRRUUCES
Swinging at the Stars,Claire Rosinkranz
Historia de Amor,Inzul
Dose Sustentável,Hércules
Fotomatón,Cosmic Wacho
Cuadriculado,Javypablo
Robot mayordomo,Joan Miquel Oliver
détours,Ivytide
Just A Game feat. Benny Sings,Nulbarich
everything about her,Amie Blu
sole outlet,juno roome
Botecito,Cosmic Wacho
relevante,Vic Mirallas
Mrs. Valentine,Eyedress
Satellite,HYBS
Doesn’t Do Me Any Good,Stephen Sanchez
Falling,WNRDA
What's up,BETWEEN FRIENDS
Complicado,Habla de Mí en Presente
Tragic Love,H I N A N O
elle danse toute seule dans sa chambre - Bonus Track,nelick
bittersweet heartbreak,Karin Ann
Halloween Costume,Sarah Klang
Balloon - Sunset Rollercoaster Remake,ADOY
Afterglow,Leon of Athens
De tu panal,Caro Raro
Fifth,Precious Pepala
Un Llavero,Ganges
Burning,Tems
Next 2 U,Kehlani
Nasty,Tinashe
MILLION DOLLAR BABY,Tommy Richman
Candy Paint,Normani
Ciao!,Bryson Tiller
Witchy (feat. Childish Gambino),KAYTRANADA
N o C h i l l,PARTYNEXTDOOR
Please Don't Fall In Love With Me,Khalid
Soft,Lucky Daye
Love Me JeJe,Tems
Control,Ayra Starr
Make Me Forget,Muni Long
Songs About U,Tink
He Loves Us Both (feat. H.E.R.),Lila Iké
Jump,Tyla
After Hours,Kehlani
Alright,Victoria Monét
1:59 (feat. Gunna),Normani
Snooze,SZA
Here We Go (Uh Oh),Coco Jones
Last Heartbreak Song (feat. Giveon),Ayra Starr
Attention,Bryson Tiller
act iv: fckin u (18+),4batz
Caught Up,FLO
Made For Me (with Mariah Carey),Muni Long
F o r C e r t a i n,PARTYNEXTDOOR
TYRANT,Beyoncé
HERicane,Lucky Daye
ART,Tyla
Me & U,Tems
Bloom,Aqyila
"act vii: all we do is argue, argue",4batz
R e a l W o m a n,PARTYNEXTDOOR
Run Away (feat. Bryson Tiller),Chris Brown
On My Mama,Victoria Monét
FLORIDA BABY,Isaiah Falls
Moonlight,Arin Ray
SAME MISTAKE,DESTIN CONRAD
FromHere (feat. Snoop Dogg & October London),NxWorries
Someday,Elmiene
II HANDS II HEAVEN,Beyoncé
Saturn,SZA
YOU,SiR
Persuasion (feat. Victoria Monét),Bryson Tiller
Best Time,Brent Faiyaz
From A Woman,Mariah the Scientist
That's You,Lucky Daye
Get Close,Ari Lennox
Self,Cleo Sol
Worldwide Revival,Newsboys
Grave Robber,Crowder
I Got You,Danny Gokey
Rise Up,Selah
Rescue (feat. Tiffany Hudson),Jordan St. Cyr
SUNDAY IS COMING • HOMETOWN VERSION,Phil Wickham
Deeper Waters,Jeremy Camp
Be Ready,Karen Peck & New River
The Unbelievable,Sean Rodriguez
Friend in Jesus,CAIN
Where Can I Go - Psalm 139,Ellie Holcomb
If God Wrote A Song,Jaime Jamgochian
All Along,Sanctus Real
Take It All Back,Tauren Wells
My God Can,Katy Nichole
Nothin' Sweeter,TobyMac
Let It Begin,Big Daddy Weave
Crimson Dust - Live,Michael W. Smith
Holy Forever,Chris Tomlin
Who the Cross Is For,Cliff Preston
Altars Over Stages,Josiah Queen
"Honestly, We Just Need Jesus",Terrian
COUNT 'EM,Brandon Lake
Where I Could've Been,Rhett Walker
If I Got Jesus,Ben Fuller
Narrow Road,Chris Renzema
Jesus Cries,Riley Clemmons
Middle Of Your Love - Radio Edit,Josh Wright
Joy (What The World Calls Foolish),Martin Smith
To Be a Child Again,JJ Heller
My Life Is Proof - Studio Sessions,Stephen McWhirter
To Not Worship You,MercyMe
Reconcile,Tenth Avenue North
Thank God I Do,Lauren Daigle
No One Loves Me Like You Do - Radio Mix,Dan Bremnes
Somebody Prayed,Crowder
My Tribute (To God Be The Glory),Natalie Grant
Fall On Me (feat. Carly Pearce),NEEDTOBREATHE
Scars,Brandon Heath
Praise You In This Storm (feat. Phil Wickham),Casting Crowns
In the Light,Shane & Shane
Don't Stop Praying,Matthew West
A Thousand Times,We Are Messengers
Missing Jesus,Caleb & John
Good Man,David Leonard
Give Me That - Korean Version,WayV
WORK,ATEEZ
Never Let Go,Jung Kook
How Sweet,NewJeans
Armageddon,aespa
SAINT,DPR IAN
KING KONG,TREASURE
Supernova,aespa
Spring Snow,10CM
SPOT!,ZICO
Girls Never Die,tripleS
SHEESH,BABYMONSTER
LOST!,RM
Fatal Trouble,ENHYPEN
MAESTRO,SEVENTEEN
Feel the POP,ZEROBASEONE
200,MARK
Lose My Breath (Feat. Charlie Puth),Stray Kids
FREAK,YUQI
Nectar (Feat. Jay Park),BM
Come back to me,RM
해야 (HEYA),IVE
Mars,D.O.
One Kiss,RIIZE
Magnetic,ILLIT
Little Light,DOYOUNG
Impossible,RIIZE
"Earth, Wind & Fire",BOYNEXTDOOR
Smart,LE SSERAFIM
Deja Vu,TOMORROW X TOGETHER
Midas Touch,KISS OF LIFE
Siren,RIIZE
Fate,(G)I-DLE
EASY,LE SSERAFIM
Smoothie,NCT DREAM
Renegade,LUCAS
i wonder... (with Jung Kook of BTS),j-hope
BATTER UP,BABYMONSTER
FINAL LOVE SONG,I-LAND2 : N/a
To. X,TAEYEON
Wife,(G)I-DLE
Super Lady,(G)I-DLE
Sugarcoat (NATTY Solo),KISS OF LIFE
Nobody Knows,KISS OF LIFE
Bam Yang Gang,BIBI
UNTOUCHABLE,ITZY
plot twist,TWS
What Makes You Beautiful,ENHYPEN
FRI(END)S,V
ONE SPARK,TWICE
hey! hey!,TWS
Hero,AKMU
Spring Snow,10CM
KING KONG,TREASURE
Empty,CHEN
Tasty,B.I
Taxi Blurr (Feat. NATTY of KISS OF LIFE),Jay Park
Turtle (Feat. CHUNG HA),BLASÉ
Play With Me,Pagaehun
Ride the Vibe,NEXZ
Girls Never Die,tripleS
CLOUD 9,JUNNY
Cheese,SUHO
Han River 220625,Wonstein
Nectar (Feat. Jay Park),BM
BE SOMEBODY,YOOK SUNGJAE
Where are you,HEIZE
RSVP (Feat. CHANGMO),HyunA
But I,Solar
Little Things,Xdinary Heroes
Choke,82MAJOR
Love or Die,BAEKHO
FREAK,YUQI
Mars,D.O.
Fly (Duet with. MOONBIN(ASTRO)),JINJIN (ASTRO)
밤새,BE'O
"Earth, Wind & Fire",BOYNEXTDOOR
"YES (feat. Jay Park, REDDY)",twlv
I Like The Way,KIM WOOJIN
Your/My,Jay Park
SHEESH,BABYMONSTER
Magnetic,ILLIT
Midas Touch,KISS OF LIFE
Smart,LE SSERAFIM
FINAL LOVE SONG,I-LAND2 : N/a
Fate,(G)I-DLE
Siren,RIIZE
i wonder... (with Jung Kook of BTS),j-hope
Girls’ Night,Loossemble
Beautiful Ashes,ONEWE
Sugarcoat (NATTY Solo),KISS OF LIFE
Nobody Knows,KISS OF LIFE
What Makes You Beautiful,ENHYPEN
Back To Me,The Rose
Either Way,IVE
ICKY,KARD
Phobia,Seungmin
BODY,HIGHLIGHT
Stuck In The Middle,BABYMONSTER
Like Magic,J.Y. Park
Destination,Crash Adams
Good Time,Owl City
Nonsense,Sabrina Carpenter
As It Was,Harry Styles
Drag Me Down,One Direction
THATS WHAT I WANT,Lil Nas X
Caroline,Crash Adams
Shut Up and Dance,WALK THE MOON
Classic,MKTO
STAY (with Justin Bieber),The Kid LAROI
What Makes You Beautiful,One Direction
California Girl,Crash Adams
Sunroof,Nicky Youre
Closer,The Chainsmokers
Not Angry,Chris James
We Are Never Ever Getting Back Together (Taylor's Version),Taylor Swift
Live While We're Young,One Direction
sun and moon,anees
Summer Baby,Jonas Brothers
Somewhere in Vegas,Crash Adams
The Race,Chris James
Maps,Maroon 5
Best Song Ever,One Direction
Little Bit More,Suriel Hess
Caffeine,Max Drazen
summer&cigarettes,sammy rash
Wrapped Around Your Finger,Post Malone
Cruel Summer,Taylor Swift
Counting Stars,OneRepublic
Perfect,One Direction
Best Day Of My Life,American Authors
take care,elijah woods
I Like You (A Happier Song) (with Doja Cat),Post Malone
Anti-Hero,Taylor Swift
2002,Anne-Marie
Night Changes,One Direction
Gasoline,Nic D
Waffle House,Jonas Brothers
12 Hours,Chris James
Blank Space,Taylor Swift
Stargazing,Myles Smith
One Thing,One Direction
Different Lives,Fly By Midnight
Good Mood - Original Song From Paw Patrol: The Movie,Adam Levine
Payphone,Maroon 5
Seven (feat. Latto) (Explicit Ver.),Jung Kook
Sugar Sweet,Benson Boone
Steal My Girl,One Direction
best friends,sammy rash
Nobody Loves Me Better,Sture Zetterberg
Have Yourself A Merry Little Christmas,Denzel Sachs
Sleigh Ride,Roddy Doyle Trio
The Christmas Song,Barry Snyder Band
Silver Bells,Art Silver Trio
O Holy Night,Steve Luke & Holloway
White Christmas,Lyla Lee Band
Frosty The Snowman,Irvin Smith
Silent Night,Sydney Taylor Band
Christmas Time Is Here,Dennis Riley-Jones
Christmas Time,Dan Evans-Parker
The Most Wonderful Day of The Year,Luke Marantz Trio
Winter Wonderland,Grayville Trio
My Favourite Time of Year,Kingsley Thomas
Please come home for christmas,Jeff Laine & Co
The First Noel,Flatland Park
Home for the Holidays,Vlad Kotsky
Oh Christmas Tree,Holy Eve Trio
Rudolph the Red Nosed Rain Deer,Ron de Lauren
Somewhere In My Memory,Ron Bladworth
I'll Be Home For Christmas,Kyle Mendes Jazz Trio
Here Comes Santa Claus,Nordic Light Trio
Hark! The Herald Angels Sing,Graydon Poole
The Night Before Christmas,Katy Healy
Happy Holiday,Zander Jazz Trio
What Are You Doing New Years Eve?,Carl Bagge Trio
The Chipmunk Song,Sonny Magic Trio
"O Come, O Come, Emanuel",Kuipers & Winter
It Came Upon The Midnight Clear,Christian Glass
"Still, Still, Still",Kyle Mendes Jazz Trio
The Christmas Waltz,Milad Greenland
"O Come, All Ye Faithful",Grayville Trio
"God Rest Ye, Merry Gentlemen",Rossdale Junction
Good King Wenceslas,The Mill Basin Band
The Holly and the Ivy,Daisy Luckett
Once in Royal David's City,Red Brick Lane
You're All I Want For Christmas,Paul Moretti Trio
In the Bleak Midwinter,Charlie James-Walker
Tis the season,Wonder Eve
Ding Dong Merrily on High,Holborns
Blue Christmas,Hudson Harris & Haim
Toyland,Eli Starr Trio
Auld Lang Syne,Fulton Street Players
A Christmas Love Song,Francis Graden
Ave Maria,Grayville Trio
I Still Believe in Santa Clause,Manfred Flynn
I Heard the Bells on Christmas Day,The Dox Band
The Winter Song,Vendla
When You Wish Upon a Star,Basinettes
A Child Is Born,Hudson Harris & Haim
We Three Kings (Jazz Version),Ennio Máno
"Happy Christmas, Little Friend",Paul Moretti Trio
I Saw Three Ships,Charlie James-Walker
Angels We Have Heard on High,Henri La Mer
Lost in the stars,Flatland Park
The Ultimate Gift,Christopher Colman
Santa tell me,Kuipers & Winter
I Saw Mommy Kissing Santa Claus,Rebecca McCarthey
Away in a manger,The Mill Basin Band
Greensleeves,Roddy Doyle Trio
It Is Well With My Soul,KTZ Players
Tomorrow Shall Be My Dancing Day,Kim Winther
Hard Candy Christmas,Glass Trio
Where Are You Christmas,Swinging Renegades
I've Got My Love To Keep Me Warm,The North Sea Trio
O Tannenbaum,A Little Time
Abide With Me,Jeff Laine & Co
Santa Baby,Matt Marantz Quartet
Candy Canes and Silver Lanes,Brandon's Three
The Little Drummer Boy,Rudy Snow
Christmas is a-comin',Chris Beard
O Little Town Of Bethlehem,Jason Starman
Dance of the Sugar Plum Fairy,James Jackson Jazz Trio
The Gift of Joy,Tyrone Coates & Friends
Mistletoe And Holly,Dim Light Quartet
This Night,Bruce Willmington & Co
It was December the twenty forth..,Annie Berenson
Winter Serenade,Andy Goodman
Come Thou Fount of Every Blessing,Upstage Trio
Winter Blessings,The Three Queens
Christ Was Born On Christmas Day,Lyn Ardbeg
Misteltoe,The Mill Basin Band
What Child Is This,Maurice Green
In Dulce Jubilo,Bugge Wesseltoft
